,precision,recall,f1-score,support
Ambiguous,0.8051282051282052,0.6541666666666667,0.7218390804597701,240.0
Compliant,0.7212543554006968,0.8625,0.7855787476280834,240.0
Non-Compliant,0.7692307692307693,0.7317073170731707,0.75,41.0
accuracy,0.7562380038387716,0.7562380038387716,0.7562380038387716,0.7562380038387716
macro avg,0.7652044432532237,0.7494579945799457,0.7524726093626178,521.0
weighted avg,0.763666556747405,0.7562380038387716,0.7534170417295295,521.0
