{
  "accuracy": 0.7562380038387716,
  "precision_macro": 0.7652044432532237,
  "recall_macro": 0.7494579945799457,
  "f1_macro": 0.7524726093626178,
  "f1_weighted": 0.7534170417295295
}
